-- CHANGED
INSERT INTO Status VALUES ('freshman');
INSERT INTO Status VALUES ('sophomore');
INSERT INTO Status VALUES ('junior');
INSERT INTO Status VALUES ('senior');
INSERT INTO Status VALUES ('staff');

-- CHANGED
INSERT INTO Person VALUES (1,"Joelle","Marquez","staff","quis@posuerecubilia.ca");
INSERT INTO Person VALUES (2,"Karleigh","Colon","freshman","Curabitur.dictum@semper.org");
INSERT INTO Person VALUES (3,"Leandra","Cox","junior","libero.at@nonummy.com");
INSERT INTO Person VALUES (4,"Blair","Stanley","junior","mauris.elit@nonummyultricies.org");
INSERT INTO Person VALUES (5,"Charissa","Livingston","sophomore","erat.vel@arcu.org");
INSERT INTO Person VALUES (6,"Hiram","Buck","staff","Vivamus@lacusCrasinterdum.edu");
INSERT INTO Person VALUES (7,"Chaim","Cortez","staff","at.risus@euplacerat.net");
INSERT INTO Person VALUES (8,"Alfreda","Leach","staff","augue@semper.ca");
INSERT INTO Person VALUES (9,"Hanae","Huff","senior","vestibulum@Praesenteu.net");
INSERT INTO Person VALUES (10,"Gillian","Lopez","junior","mi@euismodenim.co.uk");
INSERT INTO Person VALUES (11,"Eliana","Bentley","senior","laoreet.ipsum@odioPhasellus.org");
INSERT INTO Person VALUES (12,"Rose","Morse","senior","Cras.dictum@quamquis.org");
INSERT INTO Person VALUES (13,"Tamekah","Dawson","senior","faucibus.Morbi@necdiamDuis.edu");
INSERT INTO Person VALUES (14,"Samuel","Clements","junior","Etiam@ullamcorperviverra.org");
INSERT INTO Person VALUES (15,"Kevyn","Heath","senior","in.lobortis.tellus@diamnuncullamcorper.net");
INSERT INTO Person VALUES (16,"Eden","Blackburn","staff","Donec.tempor@eutelluseu.co.uk");
INSERT INTO Person VALUES (17,"Alexis","Petty","sophomore","ac@dis.net");
INSERT INTO Person VALUES (18,"Connor","Holden","senior","aliquet@ligulaDonecluctus.net");
INSERT INTO Person VALUES (19,"Neil","Wilkerson","freshman","ipsum.primis.in@venenatisa.com");
INSERT INTO Person VALUES (20,"Hiram","Tate","junior","leo.in.lobortis@adipiscinglacusUt.com");
INSERT INTO Person VALUES (21,"Angelica","Mckay","senior","lacinia@enim.edu");
INSERT INTO Person VALUES (22,"Erin","Lindsey","staff","nec.enim@Quisqueliberolacus.net");
INSERT INTO Person VALUES (23,"McKenzie","Palmer","senior","feugiat.Lorem.ipsum@non.com");
INSERT INTO Person VALUES (24,"Deborah","Hobbs","senior","congue@nonluctus.co.uk");
INSERT INTO Person VALUES (25,"May","Kirk","sophomore","Suspendisse@perinceptos.net");
INSERT INTO Person VALUES (26,"Dai","Talley","sophomore","mi.eleifend.egestas@tincidunttempus.ca");
INSERT INTO Person VALUES (27,"Sacha","Baldwin","freshman","nec.cursus.a@loremtristiquealiquet.co.uk");
INSERT INTO Person VALUES (28,"Lacey","Bowers","junior","Donec@egestas.net");
INSERT INTO Person VALUES (29,"Charissa","Abbott","senior","at.velit@eu.edu");
INSERT INTO Person VALUES (30,"Justin","Roberts","freshman","Nullam.enim@pede.co.uk");
INSERT INTO Person VALUES (31,"Richard","Haney","junior","sem.mollis.dui@miacmattis.edu");
INSERT INTO Person VALUES (32,"Edward","Good","sophomore","et.euismod.et@montesnasceturridiculus.ca");
INSERT INTO Person VALUES (33,"Rebecca","Bolton","sophomore","dictum.eu.eleifend@idmollis.ca");
INSERT INTO Person VALUES (34,"Aimee","Robles","staff","ultrices.posuere@Mauris.org");
INSERT INTO Person VALUES (35,"Donna","Downs","senior","nisi.dictum@eueleifend.net");
INSERT INTO Person VALUES (36,"Sarah","Stein","senior","nulla.In.tincidunt@fermentumfermentum.org");
INSERT INTO Person VALUES (37,"Rooney","Roth","sophomore","lorem.eget@accumsansedfacilisis.co.uk");
INSERT INTO Person VALUES (38,"Ramona","Huffman","senior","ultricies.sem@nibh.edu");
INSERT INTO Person VALUES (39,"Hermione","Ochoa","sophomore","ultricies.adipiscing@magnamalesuada.ca");
INSERT INTO Person VALUES (40,"Damian","Burgess","junior","pede.Suspendisse@eros.com");
INSERT INTO Person VALUES (41,"Hannah","Murray","freshman","per.conubia.nostra@mieleifend.edu");
INSERT INTO Person VALUES (42,"Hammett","Whitley","sophomore","urna.nec@Phasellusdapibus.net");
INSERT INTO Person VALUES (43,"Karina","Allen","freshman","risus@dolor.org");
INSERT INTO Person VALUES (44,"Mark","Kramer","staff","ornare.Fusce@ipsum.ca");
INSERT INTO Person VALUES (45,"Evangeline","Craft","junior","Donec@acorci.edu");
INSERT INTO Person VALUES (46,"Kathleen","Wagner","staff","dictum@enimnectempus.co.uk");
INSERT INTO Person VALUES (47,"Hall","Doyle","junior","Nullam.velit.dui@quisdiamluctus.ca");
INSERT INTO Person VALUES (48,"Cathleen","Clayton","sophomore","mauris.Suspendisse@semperrutrum.co.uk");
INSERT INTO Person VALUES (49,"Rooney","Munoz","freshman","Nullam.scelerisque@famesac.org");
INSERT INTO Person VALUES (50,"Eaton","Rowland","sophomore","luctus.sit.amet@euismodmauris.co.uk");
INSERT INTO Person VALUES (51,"Jamalia","Murray","staff","Proin.vel@idsapien.org");
INSERT INTO Person VALUES (52,"Magee","Sandoval","senior","elit.dictum.eu@cursus.edu");
INSERT INTO Person VALUES (53,"Noel","Weeks","senior","purus.in@ligulaconsectetuerrhoncus.co.uk");
INSERT INTO Person VALUES (54,"Cadman","Banks","freshman","vulputate@Fuscefeugiat.ca");
INSERT INTO Person VALUES (55,"Taylor","Bowman","staff","pede@odioauctorvitae.co.uk");
INSERT INTO Person VALUES (56,"Dolan","Cummings","senior","dui@ultricesVivamus.net");
INSERT INTO Person VALUES (57,"Marshall","Mason","junior","imperdiet.erat@velitdui.org");
INSERT INTO Person VALUES (58,"Mari","Ford","senior","arcu.eu@tempor.com");
INSERT INTO Person VALUES (59,"Timothy","Pope","sophomore","parturient@pede.co.uk");
INSERT INTO Person VALUES (60,"Theodore","Keith","sophomore","quis.urna.Nunc@dolor.co.uk");
INSERT INTO Person VALUES (61,"Cain","Carson","freshman","non.leo@egestasa.com");
INSERT INTO Person VALUES (62,"Medge","Oneal","senior","nec.urna@fermentumrisus.ca");
INSERT INTO Person VALUES (63,"Forrest","Mann","senior","torquent@purus.co.uk");
INSERT INTO Person VALUES (64,"India","Ford","freshman","consectetuer.mauris.id@erategetipsum.com");
INSERT INTO Person VALUES (65,"Tyrone","Curry","senior","Cum.sociis.natoque@mollislectuspede.net");
INSERT INTO Person VALUES (66,"Timothy","Stuart","staff","sed.pede@Quisqueornaretortor.edu");
INSERT INTO Person VALUES (67,"Lucius","Mccoy","staff","dui.Fusce.diam@purus.net");
INSERT INTO Person VALUES (68,"Raya","Dennis","freshman","sit@mollisduiin.org");
INSERT INTO Person VALUES (69,"Kelsie","Dejesus","freshman","semper.dui@Sed.org");
INSERT INTO Person VALUES (70,"Gannon","Mckenzie","staff","Donec.porttitor.tellus@ametante.edu");
INSERT INTO Person VALUES (71,"MacKenzie","Pena","sophomore","sem.Pellentesque@feugiatLorem.net");
INSERT INTO Person VALUES (72,"Kimberly","Guerrero","sophomore","lacus@laciniaatiaculis.edu");
INSERT INTO Person VALUES (73,"Malachi","Banks","freshman","lobortis@Aenean.ca");
INSERT INTO Person VALUES (74,"Blair","Hanson","junior","auctor.ullamcorper.nisl@at.net");
INSERT INTO Person VALUES (75,"Virginia","Navarro","junior","tempor.lorem.eget@mi.co.uk");
INSERT INTO Person VALUES (76,"Amelia","Frederick","senior","quam.quis@congueaaliquet.net");
INSERT INTO Person VALUES (77,"Clarke","William","sophomore","Mauris.eu@id.ca");
INSERT INTO Person VALUES (78,"Molly","Howard","sophomore","diam.Proin@mi.co.uk");
INSERT INTO Person VALUES (79,"Karleigh","Cook","junior","et@sitametdiam.ca");
INSERT INTO Person VALUES (80,"Joelle","Heath","freshman","parturient.montes@turpis.net");
INSERT INTO Person VALUES (81,"Britanney","Bullock","junior","at.velit.Cras@ipsumcursusvestibulum.net");
INSERT INTO Person VALUES (82,"Graham","Diaz","staff","Cras@loremtristiquealiquet.co.uk");
INSERT INTO Person VALUES (83,"Paki","Cotton","freshman","semper.auctor.Mauris@vitaesodalesat.org");
INSERT INTO Person VALUES (84,"Jackson","Case","junior","elit.Curabitur.sed@senectus.com");
INSERT INTO Person VALUES (85,"Hadley","Daniel","staff","urna.Vivamus.molestie@Maecenas.com");
INSERT INTO Person VALUES (86,"Victor","Fleming","staff","diam.nunc@antebibendum.org");
INSERT INTO Person VALUES (87,"Susan","Cross","freshman","neque.et.nunc@at.co.uk");
INSERT INTO Person VALUES (88,"Eve","Bonner","junior","lectus.ante@eterosProin.edu");
INSERT INTO Person VALUES (89,"Bertha","Mcclure","senior","sed@mollis.net");
INSERT INTO Person VALUES (90,"Cheyenne","Aguilar","freshman","et.arcu.imperdiet@congueturpis.com");
INSERT INTO Person VALUES (91,"Dane","Hardy","staff","Nunc.ut@ipsum.ca");
INSERT INTO Person VALUES (92,"Yvonne","Rush","freshman","eget.ipsum.Donec@arcu.org");
INSERT INTO Person VALUES (93,"Hayes","Mullen","staff","erat.in@velit.co.uk");
INSERT INTO Person VALUES (94,"Cameron","Hahn","senior","eros@pedeCrasvulputate.org");
INSERT INTO Person VALUES (95,"Holly","Carpenter","staff","Donec@tincidunt.net");
INSERT INTO Person VALUES (96,"Matthew","Bass","senior","vitae.nibh@velitSedmalesuada.org");
INSERT INTO Person VALUES (97,"Taylor","Guerra","senior","dolor@scelerisquemollis.org");
INSERT INTO Person VALUES (98,"Lucas","Mosley","sophomore","cursus@liberoProinsed.com");
INSERT INTO Person VALUES (99,"Salvador","Nichols","sophomore","at.augue.id@dolorelitpellentesque.edu");
INSERT INTO Person VALUES (100,"Xavier","Winters","junior","Cras@laciniaSedcongue.com");
INSERT INTO Person VALUES (101,"Omar","Ballard","staff","Sed.malesuada.augue@noncursusnon.edu");
INSERT INTO Person VALUES (102,"Keaton","Rivas","staff","dolor.Quisque.tincidunt@quistristique.edu");
INSERT INTO Person VALUES (103,"Montana","Lynch","junior","sed.consequat@Donec.co.uk");
INSERT INTO Person VALUES (104,"Erin","Russell","sophomore","libero.Integer.in@duiSuspendisseac.ca");
INSERT INTO Person VALUES (105,"Mechelle","Massey","senior","sed@necquam.co.uk");
INSERT INTO Person VALUES (106,"Francesca","Duke","junior","Sed@nisiMaurisnulla.com");
INSERT INTO Person VALUES (107,"Sarah","Nicholson","staff","neque.pellentesque@in.org");
INSERT INTO Person VALUES (108,"Drew","Melton","junior","vestibulum.Mauris.magna@rhoncusDonecest.ca");
INSERT INTO Person VALUES (109,"Ella","Howard","junior","nec@necurnasuscipit.org");
INSERT INTO Person VALUES (110,"Shaine","Berger","sophomore","Nulla@dignissimtemporarcu.org");
INSERT INTO Person VALUES (111,"Sarah","Randall","senior","Sed.nunc@maurissitamet.ca");
INSERT INTO Person VALUES (112,"William","Soto","sophomore","malesuada@tristiqueaceleifend.ca");
INSERT INTO Person VALUES (113,"Jescie","Hoover","junior","lectus@sedestNunc.edu");
INSERT INTO Person VALUES (114,"Claudia","Payne","sophomore","Curabitur.consequat@ametultricies.ca");
INSERT INTO Person VALUES (115,"Moses","Meyer","freshman","in.aliquet@Nuncmauris.edu");
INSERT INTO Person VALUES (116,"Cole","Sosa","staff","inceptos@acarcuNunc.net");
INSERT INTO Person VALUES (117,"Brent","Petty","staff","sollicitudin.adipiscing@nislelementumpurus.net");
INSERT INTO Person VALUES (118,"Gwendolyn","Foley","senior","tellus.eu.augue@justo.net");
INSERT INTO Person VALUES (119,"Halee","Hess","freshman","sit.amet@ipsum.ca");
INSERT INTO Person VALUES (120,"Macy","Ingram","sophomore","nunc.Quisque@ante.org");
INSERT INTO Person VALUES (121,"Bertha","Bryan","junior","tempus.scelerisque.lorem@Namconsequat.edu");
INSERT INTO Person VALUES (122,"Hollee","Duffy","freshman","montes@risus.ca");
INSERT INTO Person VALUES (123,"Lee","Jordan","junior","nibh.dolor@semper.co.uk");
INSERT INTO Person VALUES (124,"Cailin","Mcknight","junior","ornare.elit.elit@ornareFuscemollis.com");
INSERT INTO Person VALUES (125,"Rafael","Strickland","staff","eu.tellus.eu@urnasuscipit.com");
INSERT INTO Person VALUES (126,"Brent","Crawford","sophomore","Duis.elementum.dui@diamProindolor.net");
INSERT INTO Person VALUES (127,"Barrett","Keith","staff","laoreet@acsem.ca");
INSERT INTO Person VALUES (128,"Drew","Vinson","junior","lorem@pede.ca");
INSERT INTO Person VALUES (129,"Hop","Horton","staff","penatibus.et.magnis@mus.edu");
INSERT INTO Person VALUES (130,"Abigail","Rivas","freshman","ultricies.adipiscing@sollicitudincommodoipsum.edu");
INSERT INTO Person VALUES (131,"Pamela","Mullins","sophomore","amet@nectempus.edu");
INSERT INTO Person VALUES (132,"Aurora","Klein","junior","nunc@lectus.co.uk");
INSERT INTO Person VALUES (133,"Judith","Ramos","staff","Duis@elit.org");
INSERT INTO Person VALUES (134,"Aurora","Schneider","senior","elit.erat@risusNullaeget.co.uk");
INSERT INTO Person VALUES (135,"Erich","Bates","junior","vel@aliquam.co.uk");
INSERT INTO Person VALUES (136,"Cassidy","Good","senior","dictum.mi.ac@quamCurabitur.co.uk");
INSERT INTO Person VALUES (137,"Kalia","Heath","senior","interdum.feugiat@lobortismaurisSuspendisse.ca");
INSERT INTO Person VALUES (138,"Daniel","Cantrell","sophomore","pellentesque.eget.dictum@laoreetlibero.org");
INSERT INTO Person VALUES (139,"John","Phelps","sophomore","turpis.nec.mauris@scelerisquesedsapien.edu");
INSERT INTO Person VALUES (140,"Claudia","Alvarez","staff","urna.Nullam@vehiculaaliquet.ca");
INSERT INTO Person VALUES (141,"Olympia","Duke","freshman","Nunc.mauris.sapien@sagittis.ca");
INSERT INTO Person VALUES (142,"Mari","Mcneil","staff","non.nisi.Aenean@elitsed.edu");
INSERT INTO Person VALUES (143,"Gannon","Powers","staff","vitae.diam@commodotinciduntnibh.edu");
INSERT INTO Person VALUES (144,"Imogene","Cruz","senior","amet@eleifendegestasSed.ca");
INSERT INTO Person VALUES (145,"Frances","Jacobs","freshman","nibh.sit@gravidanuncsed.edu");
INSERT INTO Person VALUES (146,"Ashton","Greer","senior","et.pede@turpisIncondimentum.net");
INSERT INTO Person VALUES (147,"Zelda","Foreman","freshman","magnis.dis.parturient@interdumligulaeu.org");
INSERT INTO Person VALUES (148,"Colette","Clark","junior","eget@laoreetposuere.com");
INSERT INTO Person VALUES (149,"Logan","York","staff","mauris.id@amet.com");
INSERT INTO Person VALUES (150,"Steven","Cruz","freshman","tempus.risus.Donec@hendreritconsectetuer.edu");
INSERT INTO Person VALUES (151,"Kim","Singleton","sophomore","Suspendisse.aliquet@tincidunt.co.uk");
INSERT INTO Person VALUES (152,"Jenna","Morgan","senior","eget.varius.ultrices@auctorodio.ca");
INSERT INTO Person VALUES (153,"Wynter","Cole","junior","eget.ipsum.Donec@quama.org");
INSERT INTO Person VALUES (154,"Alika","Holland","senior","nibh@Donecsollicitudinadipiscing.com");
INSERT INTO Person VALUES (155,"Rae","Byers","junior","consequat@semPellentesque.co.uk");
INSERT INTO Person VALUES (156,"Colorado","Bender","junior","Nulla.tempor@viverraDonectempus.edu");
INSERT INTO Person VALUES (157,"Aspen","Gibbs","junior","Donec.at@lacusvariuset.net");
INSERT INTO Person VALUES (158,"Omar","Tran","freshman","cursus@quama.ca");
INSERT INTO Person VALUES (159,"Brenda","Austin","sophomore","ad.litora@utdolor.org");
INSERT INTO Person VALUES (160,"Daquan","King","sophomore","Integer.eu.lacus@convallis.co.uk");
INSERT INTO Person VALUES (161,"Quynn","Chang","freshman","egestas.blandit.Nam@mus.co.uk");
INSERT INTO Person VALUES (162,"Francis","Vance","freshman","metus.facilisis@anteipsumprimis.org");
INSERT INTO Person VALUES (163,"Ifeoma","Tyler","junior","luctus@pharetrafelis.org");
INSERT INTO Person VALUES (164,"Barry","Holden","staff","dui.Cras.pellentesque@loremauctor.co.uk");
INSERT INTO Person VALUES (165,"Karyn","Barry","senior","quis.pede.Suspendisse@facilisis.com");
INSERT INTO Person VALUES (166,"Mason","Figueroa","freshman","vel@pellentesquemassa.ca");
INSERT INTO Person VALUES (167,"Jolene","Holman","staff","Ut@odio.net");
INSERT INTO Person VALUES (168,"Audra","Sanford","freshman","Sed@mattisCraseget.co.uk");
INSERT INTO Person VALUES (169,"Jason","Clay","senior","iaculis.nec@nullaDonec.com");
INSERT INTO Person VALUES (170,"Ariel","Williamson","staff","eleifend.Cras.sed@placeratvelit.edu");
INSERT INTO Person VALUES (171,"Jared","Lynch","senior","sed.leo.Cras@ipsumdolorsit.ca");
INSERT INTO Person VALUES (172,"Willa","Suarez","sophomore","magnis.dis@orciconsectetuereuismod.ca");
INSERT INTO Person VALUES (173,"Tiger","Todd","staff","pede.ultrices@atvelit.co.uk");
INSERT INTO Person VALUES (174,"Amir","Williamson","sophomore","Curabitur@quis.org");
INSERT INTO Person VALUES (175,"Tamara","Dillard","staff","pharetra.Nam.ac@dolorNulla.net");
INSERT INTO Person VALUES (176,"Abdul","Bennett","sophomore","Phasellus@molestietellusAenean.net");
INSERT INTO Person VALUES (177,"Zelenia","Holman","sophomore","cursus.luctus@lacusCrasinterdum.edu");
INSERT INTO Person VALUES (178,"Rana","Wolf","junior","Aenean.eget@elit.co.uk");
INSERT INTO Person VALUES (179,"Aubrey","Carrillo","freshman","congue@conubia.org");
INSERT INTO Person VALUES (180,"Ayanna","Allison","sophomore","consequat.enim@arcuvelquam.net");
INSERT INTO Person VALUES (181,"Susan","Hancock","staff","blandit.enim@Nunc.com");
INSERT INTO Person VALUES (182,"Troy","Allison","junior","convallis.est.vitae@sapien.edu");
INSERT INTO Person VALUES (183,"Juliet","Morgan","freshman","Proin@turpisnecmauris.co.uk");
INSERT INTO Person VALUES (184,"Geoffrey","Bailey","freshman","massa.Quisque.porttitor@metusAenean.net");
INSERT INTO Person VALUES (185,"Josiah","Glenn","staff","magna@hendreritneque.org");
INSERT INTO Person VALUES (186,"Hamish","Herrera","junior","Cras.lorem@temporbibendum.edu");
INSERT INTO Person VALUES (187,"Hadassah","Schmidt","sophomore","in.dolor.Fusce@Nullamvitae.edu");
INSERT INTO Person VALUES (188,"Louis","Reynolds","junior","orci.lobortis@nonsollicitudin.com");
INSERT INTO Person VALUES (189,"Alexis","Barrera","sophomore","nunc@leo.co.uk");
INSERT INTO Person VALUES (190,"Illana","Raymond","staff","urna.convallis.erat@sodalesat.co.uk");
INSERT INTO Person VALUES (191,"Wyoming","Hutchinson","staff","tellus@egestasDuis.net");
INSERT INTO Person VALUES (192,"Haviva","Padilla","senior","a.mi.fringilla@milacinia.co.uk");
INSERT INTO Person VALUES (193,"Eleanor","Carver","freshman","in@sed.co.uk");
INSERT INTO Person VALUES (194,"Germane","Holden","sophomore","Quisque@luctus.org");
INSERT INTO Person VALUES (195,"Carol","Nash","staff","sed.sem@acarcu.org");
INSERT INTO Person VALUES (196,"Lunea","Irwin","staff","Pellentesque@odio.com");
INSERT INTO Person VALUES (197,"Rose","Wade","senior","eu.accumsan@Maecenas.ca");
INSERT INTO Person VALUES (198,"Aimee","Norris","senior","sollicitudin.orci@luctusut.net");
INSERT INTO Person VALUES (199,"Arthur","Benson","senior","Duis.volutpat.nunc@netuset.net");
INSERT INTO Person VALUES (200,"Sophia","Guerrero","sophomore","at.nisi@utlacusNulla.com");

INSERT INTO Organization VALUES ( 1, 5, 'Sexuality and Gender Awareness', 'A safe space for LGBT+ and Allied students to socialize and come to a greater understanding.', 1000);
INSERT INTO Organization VALUES ( 2, NULL, 'Anime Club', 'Group for those who love anime and Japanese media.', 500);

INSERT INTO PersonOrganization VALUES (1, 1, 'staff advisor');
INSERT INTO PersonOrganization VALUES (1, 2, 'member');
INSERT INTO PersonOrganization VALUES (2, 1, 'leader');
INSERT INTO PersonOrganization VALUES (3, 1, 'leader');
INSERT INTO PersonOrganization VALUES (4, 1, 'leader');
INSERT INTO PersonOrganization VALUES (5, 1, 'leader');
INSERT INTO PersonOrganization VALUES (6, 2, 'member');
INSERT INTO PersonOrganization VALUES (7, 2, 'member');
INSERT INTO PersonOrganization VALUES (8, 2, 'member');
INSERT INTO PersonOrganization VALUES (9, 2, 'leader');
INSERT INTO PersonOrganization VALUES (10, 2, 'member');

INSERT INTO Room VALUES (1, 'Commons Annex', 241, 50, 1);
INSERT INTO Room VALUES (2, 'Commons', 300, 25, 1);
INSERT INTO Room VALUES (3, 'Commons Annex', 010, 250, 1);
INSERT INTO Room VALUES (4, 'Commons Annex', 240, 25, 0);
INSERT INTO Room VALUES (5, 'Commons Annex', 249, 10, 1);
INSERT INTO Room VALUES (6, 'Commons Annex', 248, 50, 0);

-- CHANGED
INSERT INTO Chair VALUES ('swivel');
INSERT INTO Chair VALUES ('static');

-- CHANGED
INSERT INTO Shape VALUES ('circle');
INSERT INTO Shape VALUES ('square');
INSERT INTO Shape VALUES ('rows');

INSERT INTO Arrangement Values (1, 'swivel', 0, 'circle');
INSERT INTO Arrangement Values (2, 'swivel', 0, 'square');
INSERT INTO Arrangement Values (3, 'swivel', 0, 'rows');
INSERT INTO Arrangement Values (4, 'swivel', 1, 'circle');
INSERT INTO Arrangement Values (5, 'swivel', 1, 'square');
INSERT INTO Arrangement Values (6, 'swivel', 1, 'rows');
INSERT INTO Arrangement Values (7, 'static', 0, 'circle');
INSERT INTO Arrangement Values (8, 'static', 0, 'square');
INSERT INTO Arrangement Values (9, 'static', 0, 'rows');
INSERT INTO Arrangement Values (10, 'static', 1, 'circle');
INSERT INTO Arrangement Values (11, 'static', 1, 'square');
INSERT INTO Arrangement Values (12, 'static', 1, 'rows');

-- CHANGED
INSERT INTO MealType VALUES ('dinner');
INSERT INTO MealType VALUES ('dessert');

-- CHANGED
INSERT INTO Formality VALUES ('casual');
INSERT INTO Formality VALUES ('formal');

INSERT INTO CateringPlan VALUES (1, 'dinner', 'casual');
INSERT INTO CateringPlan VALUES (2, 'dessert', 'casual');
INSERT INTO CateringPlan VALUES (3, 'dinner', 'formal');
INSERT INTO CateringPlan VALUES (4, 'dessert', 'formal');

INSERT INTO Food VALUES (1, 'pizza', 600, 1.5);
INSERT INTO Food VALUES (2, 'pop', 200, 3);
INSERT INTO Food VALUES (3, 'water', 0, 0);
INSERT INTO Food VALUES (4, 'cake', 300, 1);
INSERT INTO Food VALUES (5, 'cookie', 100, 0.5);
INSERT INTO Food VALUES (6, 'asparagus', 200, 5);
INSERT INTO Food VALUES (7, 'mashed potatoes', 400, 4);
INSERT INTO Food VALUES (8, 'lamb', 600, 7);

INSERT INTO PlanFood VALUES (1, 1);
INSERT INTO PlanFood VALUES (1, 2);
INSERT INTO PlanFood VALUES (1, 3);
INSERT INTO PlanFood VALUES (2, 5);
INSERT INTO PlanFood VALUES (3, 3);
INSERT INTO PlanFood VALUES (3, 6);
INSERT INTO PlanFood VALUES (3, 7);
INSERT INTO PlanFood VALUES (3, 8);
INSERT INTO PlanFood VALUES (4, 4);

INSERT INTO Event VALUES (1, 1, 1, 1, 5, 1, 'Weekly SAGA meeting', TO_DATE('2017-03-01 17:00:00', 'YYYY-MM-DD HH24:MI:SS'), 1.5, 50);
INSERT INTO Event VALUES (2, 1, NULL, 6, 6, 2, 'Weekly Anime Club meeting', TO_DATE('2017-03-01 19:00:00', 'YYYY-MM-DD HH24:MI:SS'), 2, 20);
INSERT INTO Event VALUES (3, 1, 1, 1, 5, 1, 'Weekly SAGA meeting', TO_DATE('2017-03-08 19:00:00', 'YYYY-MM-DD HH24:MI:SS'), 1.5, 50);
INSERT INTO Event VALUES (4, 1, NULL, 6, 6, 2, 'Weekly Anime Club meeting', TO_DATE('2017-03-08 19:00:00', 'YYYY-MM-DD HH24:MI:SS'), 2, 20);
INSERT INTO Event VALUES (5, 1, 1, 1, 5, 1, 'Weekly SAGA meeting', TO_DATE('2017-03-15 19:00:00', 'YYYY-MM-DD HH24:MI:SS'), 1.5, 50);
INSERT INTO Event VALUES (6, 1, NULL, 6, 6, 2, 'Weekly Anime Club meeting', TO_DATE('2017-03-15 19:00:00', 'YYYY-MM-DD HH24:MI:SS'), 2, 20);
INSERT INTO Event VALUES (7, 1, 1, 1, 5, 1, 'Weekly SAGA meeting', TO_DATE('2017-03-22 19:00:00', 'YYYY-MM-DD HH24:MI:SS'), 1.5, 50);
INSERT INTO Event VALUES (8, 1, NULL, 6, 6, 2, 'Weekly Anime Club meeting', TO_DATE('2017-03-22 19:00:00', 'YYYY-MM-DD HH24:MI:SS'), 2, 20);
INSERT INTO Event VALUES (9, 1, 1, 1, 5, 1, 'Weekly SAGA meeting', TO_DATE('2017-03-29 19:00:00', 'YYYY-MM-DD HH24:MI:SS'), 1.5, 50);
INSERT INTO Event VALUES (10, 1, NULL, 6, 6, 2, 'Weekly Anime Club meeting', TO_DATE('2017-03-29 19:00:00', 'YYYY-MM-DD HH24:MI:SS'), 2, 20);